q1_category,q2_category,q1_answers_json,q2_answers_json,shared_answers_json,q1_only_answers_json,q2_only_answers_json,n_q1_answers,n_q2_answers,n_shared,n_q1_only,n_q2_only
green vegetable,vegetable,"[""broccoli"", ""peas"", ""lettuce"", ""cucumber"", ""spinach"", ""green pepper"", ""cabbage"", ""courgette"", ""kale"", ""green beans"", ""celery"", ""brussels sprouts"", ""beans"", ""peppers"", ""spring onions""]","[""carrot"", ""broccoli"", ""cabbage"", ""parsnips"", ""lettuce"", ""cauliflower"", ""peas"", ""aubergine"", ""spinach"", ""cucumber"", ""onion"", ""pepper"", ""potato"", ""swede"", ""brussels sprouts"", ""turnip"", ""green beans"", ""tomato"", ""beetroot"", ""courgette"", ""sprouts"", ""asparagus"", ""sweet potato"", ""butternut squash"", ""kale"", ""leek"", ""radish"", ""pumpkin"", ""beans""]","[""beans"", ""broccoli"", ""brussels sprouts"", ""cabbage"", ""courgette"", ""cucumber"", ""green beans"", ""kale"", ""lettuce"", ""peas"", ""spinach""]","[""celery"", ""green pepper"", ""peppers"", ""spring onions""]","[""asparagus"", ""aubergine"", ""beetroot"", ""butternut squash"", ""carrot"", ""cauliflower"", ""leek"", ""onion"", ""parsnips"", ""pepper"", ""potato"", ""pumpkin"", ""radish"", ""sprouts"", ""swede"", ""sweet potato"", ""tomato"", ""turnip""]",15,29,11,4,18
bird,water bird,"[""pigeon"", ""duck"", ""robin"", ""eagle"", ""seagull"", ""parrot"", ""crow"", ""blackbird"", ""bluebird"", ""raven"", ""owl"", ""hawk"", ""dove"", ""canary"", ""swan"", ""flamingo"", ""penguin"", ""sparrow"", ""goose"", ""chicken"", ""ostrich"", ""woodpecker"", ""turkey"", ""hummingbird"", ""toucan"", ""vulture"", ""goldfinch""]","[""duck"", ""swan"", ""penguin"", ""goose"", ""pelican"", ""flamingo"", ""heron"", ""seagull"", ""kingfisher"", ""stork"", ""puffin""]","[""duck"", ""flamingo"", ""goose"", ""penguin"", ""seagull"", ""swan""]","[""blackbird"", ""bluebird"", ""canary"", ""chicken"", ""crow"", ""dove"", ""eagle"", ""goldfinch"", ""hawk"", ""hummingbird"", ""ostrich"", ""owl"", ""parrot"", ""pigeon"", ""raven"", ""robin"", ""sparrow"", ""toucan"", ""turkey"", ""vulture"", ""woodpecker""]","[""heron"", ""kingfisher"", ""pelican"", ""puffin"", ""stork""]",27,11,6,21,5
part of the body,part of the face,"[""legs"", ""arm"", ""head"", ""hands"", ""ears"", ""mouth"", ""feet"", ""nose"", ""eyes"", ""toes"", ""shoulders"", ""fingers"", ""knees"", ""elbows"", ""torso"", ""neck"", ""hip"", ""thighs"", ""hair"", ""heart"", ""ankle"", ""stomach"", ""lungs"", ""chest"", ""back"", ""finger"", ""brain"", ""calf"", ""teeth"", ""spine"", ""bones"", ""skin"", ""face"", ""tongue"", ""liver"", ""ribs"", ""pelvis"", ""waist"", ""organs"", ""intestines"", ""skeleton""]","[""nose"", ""eyes"", ""eyebrows"", ""mouth"", ""ears"", ""forehead"", ""lips"", ""chin"", ""cheeks"", ""eyelashes"", ""teeth"", ""eyelids"", ""cheekbones"", ""jaw"", ""beard"", ""cheek"", ""skin"", ""nostrils"", ""pupils"", ""tongue"", ""hairline"", ""moustache""]","[""ears"", ""eyes"", ""mouth"", ""nose"", ""skin"", ""teeth"", ""tongue""]","[""ankle"", ""arm"", ""back"", ""bones"", ""brain"", ""calf"", ""chest"", ""elbows"", ""face"", ""feet"", ""finger"", ""fingers"", ""hair"", ""hands"", ""head"", ""heart"", ""hip"", ""intestines"", ""knees"", ""legs"", ""liver"", ""lungs"", ""neck"", ""organs"", ""pelvis"", ""ribs"", ""shoulders"", ""skeleton"", ""spine"", ""stomach"", ""thighs"", ""toes"", ""torso"", ""waist""]","[""beard"", ""cheek"", ""cheekbones"", ""cheeks"", ""chin"", ""eyebrows"", ""eyelashes"", ""eyelids"", ""forehead"", ""hairline"", ""jaw"", ""lips"", ""moustache"", ""nostrils"", ""pupils""]",41,22,7,34,15
farm animal,four-legged animal,"[""cow"", ""sheep"", ""pig"", ""chicken"", ""horse"", ""goat"", ""duck"", ""turkey"", ""sheepdog"", ""geese"", ""dog"", ""bull"", ""donkey"", ""lamb"", ""llama""]","[""dog"", ""cat"", ""lion"", ""horse"", ""tiger"", ""elephant"", ""cow"", ""sheep"", ""bear"", ""pig"", ""giraffe"", ""zebra"", ""hamster"", ""donkey"", ""goat"", ""mouse"", ""rat"", ""wolf"", ""fox"", ""deer"", ""hippo"", ""rhino"", ""antelope"", ""rabbit"", ""gazelle"", ""leopard"", ""guinea pig"", ""polar bear"", ""crocodile"", ""frog"", ""cheetah"", ""reindeer"", ""bison"", ""panda"", ""puma""]","[""cow"", ""dog"", ""donkey"", ""goat"", ""horse"", ""pig"", ""sheep""]","[""bull"", ""chicken"", ""duck"", ""geese"", ""lamb"", ""llama"", ""sheepdog"", ""turkey""]","[""antelope"", ""bear"", ""bison"", ""cat"", ""cheetah"", ""crocodile"", ""deer"", ""elephant"", ""fox"", ""frog"", ""gazelle"", ""giraffe"", ""guinea pig"", ""hamster"", ""hippo"", ""leopard"", ""lion"", ""mouse"", ""panda"", ""polar bear"", ""puma"", ""rabbit"", ""rat"", ""reindeer"", ""rhino"", ""tiger"", ""wolf"", ""zebra""]",15,35,7,8,28
building,religious building,"[""house"", ""flats"", ""offices"", ""church"", ""school"", ""bungalow"", ""shop"", ""hospital"", ""shed"", ""skyscraper"", ""apartment"", ""detached"", ""semi-detached"", ""terrace"", ""museum"", ""cathedral"", ""castle"", ""mosque"", ""train station"", ""library"", ""mansion"", ""cottage"", ""post office"", ""factory"", ""tower"", ""chalet"", ""synagogue"", ""cinema"", ""bus station"", ""university""]","[""church"", ""mosque"", ""temple"", ""synagogue"", ""cathedral"", ""chapel"", ""monastery""]","[""cathedral"", ""church"", ""mosque"", ""synagogue""]","[""apartment"", ""bungalow"", ""bus station"", ""castle"", ""chalet"", ""cinema"", ""cottage"", ""detached"", ""factory"", ""flats"", ""hospital"", ""house"", ""library"", ""mansion"", ""museum"", ""offices"", ""post office"", ""school"", ""semi-detached"", ""shed"", ""shop"", ""skyscraper"", ""terrace"", ""tower"", ""train station"", ""university""]","[""chapel"", ""monastery"", ""temple""]",30,7,4,26,3
building,human dwelling,"[""house"", ""flats"", ""offices"", ""church"", ""school"", ""bungalow"", ""shop"", ""hospital"", ""shed"", ""skyscraper"", ""apartment"", ""detached"", ""semi-detached"", ""terrace"", ""museum"", ""cathedral"", ""castle"", ""mosque"", ""train station"", ""library"", ""mansion"", ""cottage"", ""post office"", ""factory"", ""tower"", ""chalet"", ""synagogue"", ""cinema"", ""bus station"", ""university""]","[""house"", ""bungalow"", ""mansion"", ""flat"", ""apartment"", ""caravan"", ""tent"", ""hut"", ""igloo"", ""castle"", ""cottage"", ""hotel"", ""mobile home""]","[""apartment"", ""bungalow"", ""castle"", ""cottage"", ""house"", ""mansion""]","[""bus station"", ""cathedral"", ""chalet"", ""church"", ""cinema"", ""detached"", ""factory"", ""flats"", ""hospital"", ""library"", ""mosque"", ""museum"", ""offices"", ""post office"", ""school"", ""semi-detached"", ""shed"", ""shop"", ""skyscraper"", ""synagogue"", ""terrace"", ""tower"", ""train station"", ""university""]","[""caravan"", ""flat"", ""hotel"", ""hut"", ""igloo"", ""mobile home"", ""tent""]",30,13,6,24,7
herb,spice,"[""rosemary"", ""thyme"", ""basil"", ""oregano"", ""parsley"", ""coriander"", ""mint"", ""sage"", ""dill"", ""pepper"", ""garlic"", ""lavender"", ""cinnamon""]","[""paprika"", ""cumin"", ""pepper"", ""chilli"", ""cinnamon"", ""five spice"", ""ginger"", ""coriander"", ""chilli powder"", ""nutmeg"", ""mixed spice"", ""oregano"", ""mint""]","[""cinnamon"", ""coriander"", ""mint"", ""oregano"", ""pepper""]","[""basil"", ""dill"", ""garlic"", ""lavender"", ""parsley"", ""rosemary"", ""sage"", ""thyme""]","[""chilli"", ""chilli powder"", ""cumin"", ""five spice"", ""ginger"", ""mixed spice"", ""nutmeg"", ""paprika""]",13,13,5,8,8
animal,farm animal,"[""cat"", ""dog"", ""elephant"", ""lion"", ""giraffe"", ""horse"", ""cow"", ""pig"", ""rabbit"", ""tiger"", ""sheep"", ""fish"", ""monkey"", ""guinea pig"", ""zebra"", ""hamster"", ""rat"", ""whale"", ""cheetah"", ""leopard"", ""mouse"", ""snake"", ""gorilla"", ""chicken"", ""donkey"", ""shark"", ""dolphin"", ""duck"", ""bird"", ""penguin"", ""fox"", ""squirrel"", ""ferret"", ""deer"", ""badger"", ""rhino"", ""bear"", ""kangaroo"", ""lizard"", ""flamingo"", ""frog"", ""swan"", ""ant"", ""butterfly"", ""panda"", ""polar bear"", ""jaguar"", ""wolf"", ""hedgehog"", ""goose"", ""raccoon"", ""gazelle"", ""seagull"", ""eagle"", ""antelope"", ""camel"", ""bat"", ""pigeon""]","[""cow"", ""sheep"", ""pig"", ""chicken"", ""horse"", ""goat"", ""duck"", ""turkey"", ""sheepdog"", ""geese"", ""dog"", ""bull"", ""donkey"", ""lamb"", ""llama""]","[""chicken"", ""cow"", ""dog"", ""donkey"", ""duck"", ""horse"", ""pig"", ""sheep""]","[""ant"", ""antelope"", ""badger"", ""bat"", ""bear"", ""bird"", ""butterfly"", ""camel"", ""cat"", ""cheetah"", ""deer"", ""dolphin"", ""eagle"", ""elephant"", ""ferret"", ""fish"", ""flamingo"", ""fox"", ""frog"", ""gazelle"", ""giraffe"", ""goose"", ""gorilla"", ""guinea pig"", ""hamster"", ""hedgehog"", ""jaguar"", ""kangaroo"", ""leopard"", ""lion"", ""lizard"", ""monkey"", ""mouse"", ""panda"", ""penguin"", ""pigeon"", ""polar bear"", ""rabbit"", ""raccoon"", ""rat"", ""rhino"", ""seagull"", ""shark"", ""snake"", ""squirrel"", ""swan"", ""tiger"", ""whale"", ""wolf"", ""zebra""]","[""bull"", ""geese"", ""goat"", ""lamb"", ""llama"", ""sheepdog"", ""turkey""]",58,15,8,50,7
insect,stinging insect,"[""spider"", ""cockroach"", ""fly"", ""ant"", ""bee"", ""wasp"", ""ladybird"", ""beetle"", ""grasshopper"", ""butterfly"", ""centipede"", ""moth"", ""cricket"", ""mosquito"", ""bumblebee"", ""caterpillar"", ""stick insect"", ""dragonfly"", ""worm"", ""dung beetle"", ""housefly"", ""earwig"", ""scorpions""]","[""bee"", ""wasp"", ""mosquito"", ""scorpion"", ""ants"", ""hornet"", ""horsefly""]","[""bee"", ""mosquito"", ""wasp""]","[""ant"", ""beetle"", ""bumblebee"", ""butterfly"", ""caterpillar"", ""centipede"", ""cockroach"", ""cricket"", ""dragonfly"", ""dung beetle"", ""earwig"", ""fly"", ""grasshopper"", ""housefly"", ""ladybird"", ""moth"", ""scorpions"", ""spider"", ""stick insect"", ""worm""]","[""ants"", ""hornet"", ""horsefly"", ""scorpion""]",23,7,3,20,4
